name,state,zip,rotationGroup,id
Athens Kitchen & Bath,OH,45701,A,1012
Atlantic Kitchen & Bath LLC,NJ,7712,A,1013
"Atlantic Kitchen & Bath, LLC - DE",DE,19958,A,1014
"Bailey Industries, Inc.",FL,34748,B,1186
"Bath, Kitchen and Tile Center",DE,19808,A,1192
Cabinet Showplace,VA,20132,A,1024
Cabinet-S-Top,OH,44256-9623,A,1023
Cameron Kitchen & Bath Design,LA,70125-1097,A,1026
Caruso Cabinets,OH,44011,A,1235
"Cavalier Kitchens & Baths, Inc.",VA,22601,A,1180
Central Kitchen & Bath,FL,32789-4721,A,1031
"Christoff and Sons Floor Covering, Inc.",MI,49201,A,1233
Classic Cabinetry,TN,37408,A,1246
"Classic Kitchens, Inc.",VA,22801,A,1033
Coastal Creations Kitchen and Bath,MA,2568,B,1213
Columbia Construction & Casework,MO,63701,B,1230
Confluence Kitchen & Bath,CO,80302,A,1147
Contractors Building Supply,OH,45750,B,1034
Copper Leaf Design,PA,15090,B,1035
"Cornerstone Kitchen and Bath, LLC",KY,40223,A,1253
Counter Culture,MD,20895,B,1225
"Country Cabinets, etc. LLC",NH,3813,B,1036
"CR Cabinetry, Inc.",IL,60193,A,1037
Creative Kitchens,WV,25727,A,1039
Custom Homes Building & Remodeling,FL,33069,B,1271
Custom Kitchens,VA,23226-2906,B,1041
"CW Home NC, LLC",NC,28607,B,1237
"Dave Fox Design / Build Remodelers, Inc.",OH,43235,B,1044
"Davis Kitchen & Tile, LLC",WV,26508,B,1045
DCI Home Resource,NC,28203,A,1179
Dexter Builders dba Mill Creek Kitchen and Bath,MI,48130,B,1048
"Distinctive Remodeling, Inc.",NC,27603,B,1184
Drury Design Kitchen & Bath Studio,IL,60137-5104,B,1055
Elite Kitchens Et cetera LLC,MA,1453,B,1277
Enchanted Kitchens,CO,80110,A,1206
eTotalHome,TX,77073,B,1218
FD Kitchen and Bath,WV,26531,B,1060
"Floor Covering Associates, Inc DBA FCA",IL,60404,B,1257
Gotcha Covered,NE,68526,B,1065
Granite State Cabinetry,NH,3110,A,1066
Great Kitchens & Baths,IN,47304,B,1067
Harth Builders,PA,19477,B,1228
Heart of the Home Cabinetry & Design,MD,21054,B,1015
Hickory Hill Kitchens & Bath Inc.,PA,19512,A,1261
Hill's Showcase of Fine Plumbing,FL,34102-6210,B,1071
Howard's Kitchen Studio,OH,45227-0165,B,1073
ICC Floors Plus,IN,46256,B,1223
Imperial Home Center,OH,44107-5616,B,1075
Jacob Evans Kitchen & Bath,PA,15220,A,1077
JEM Designs,OH,45440,A,1232
KABCORP DBA Kitchen & Bath Galleries,NC,27612,A,1247
Kabinet King,NY,11427,A,1270
KBF by Audi Contractors,VA,20147,A,1211
"KBR Designs, Inc. dba Saltwater Kitchen and Bath Studio",FL,32211-8735,A,1088
Kitchen & Bath Depot,MD,20852,A,1265
"Kitchen & Bath Design Center, Inc.",CO,80524-7115,A,1083
"Kitchen & Bath Design of Colorado, LLC",CO,80222,A,1241
Kitchen & Bath Design Store,IL,60175,A,1085
"Kitchen & Bath World, Inc.",NY,12205,A,1086
"Kitchen & Bathroom Cabinets, LLC",FL,34102,A,1188
"Kitchen Design Group, LLC",OH,44333-2185,A,1092
Kitchen Designs & More,FL,33433-1928,A,1259
Kitchens & Baths by Kustom Kraft,NJ,7432,A,1095
Kitchens by Woody's,WV,25504,A,1098
Kitchens of Vermont,VT,5255,A,1280
Leatherman Supply,IN,46528,A,1222
Litt's Plumbing K & B Gallery,OH,44130-3890,A,1103
Mark IV Kitchen & Bath Gallery,PA,19001-1029,A,1106
Matteo Family Kitchens & Flooring,NJ,8098,A,1226
Metropolitan Kitchen & Bath,NC,28203,A,1109
Mid-West Paints & Home Center,IL,62305,A,1111
Mike's Factory Direct,CT,6880,A,1112
Modern Kitchen,IN,46514,B,1212
Murphy Bros Building & Remodeling,MN,55449,B,1252
Nebraska Furniture Mart,NE,68114,A,1266
Noble Brothers Cabinets and Millwork,NC,27932,B,1234
Northeast Design + Build,RI,2919,B,1210
Oak Creek Plumbing,WI,53154-4539,B,1122
Oakenshield Kitchens,NY,12603,B,1215
Oen Kitchen & Bath,OH,45895,B,1163
"Olde World Cabinetry, Plumbing & Hardware",FL,33781,B,1177
Pace Construction LLC,DC,20002,A,1269
"Penn Construction & Design, LLC",PA,19083,B,1248
Plush Designs Kitchen and Bath,CO,80903,B,1126
Prestige Kitchen & Bath,MA,2494,B,1178
"RA Cooks Renovations, LLC",OH,45420,B,1249
Remodel Showroom,NY,11968,B,1209
"Remodeling Designs, Inc.",OH,45342,B,1131
Rhinebeck Kitchen & Bath,NY,12572,B,1132
RIKB Design Build,RI,02888-3814,B,1129
Robertson Kitchens & Remodeling,PA,16505-4349,B,1134
SD Kitchens,MD,21208-3697,A,1138
Sea Pointe Construction,CA,92618,A,1139
Signature Kitchen & Bath Design,CA,95014,A,1141
Stange Plumbing & Design,KS,67502,B,1143
"Studio 38 Designs, Inc.",CA,95037,A,1275
The Cabinet Market,SC,29577,B,1205
The Cabinetry,MA,2061,B,1146
"The Kitchen Center of RI, Inc.",RI,2904,A,1174
The Kitchen Master,IL,60563-3939,B,1150
"The Raby Companies, Inc.",NM,87109,A,1267
Thomas Michael Design Studio,MA,2538,A,1204
"Thomson Remodeling Co., Inc.",MD,21210,B,1153
"TraVek, Inc.",AZ,85260,B,1244
ValEquity Construction,OH,43231-2804,B,1101
Weiler's Kitchen & Bath Design Center,PA,19053,A,1157
"West Georgia Design Build, Inc.",GA,30563,B,1158
Westside Remodeling,CA,91320,B,1229
Williams Kitchen & Bath (Williams Distributing),MI,49504,B,1238
Wish Kitchens and Baths,MD,21740,A,1176
"Wood + Water, LLC",NC,27702,B,1279
Woodstock Kitchens & Baths,VT,5452,B,1207
,,,,
110,,,,
,,,,
,,,,
,,,,
,,,,
,,,,
,,,,
,,,,
,,,,
,,,,
,,,,
,,,,
,,,,
,,,,
,,,,
,,,,
,,,,
,,,,
,,,,
,,,,
,,,,
,,,,
,,,,
,,,,
,,,,
,,,,
,,,,
,,,,
,,,,
,,,,
,,,,
,,,,
,,,,
,,,,
,,,,
,,,,
,,,,
,,,,
,,,,
,,,,
,,,,
,,,,
,,,,
,,,,
,,,,
,,,,
,,,,
,,,,
,,,,
,,,,
,,,,
,,,,
,,,,
,,,,
,,,,
,,,,
